{"cameraMode":{"drawMode":0,"name":"Shaded","section":"Shading Mode"},"sceneLighting":false,"audioPlay":false,"sceneViewState":{"showFog":true,"showMaterialUpdate":true,"showSkybox":true,"showFlares":true,"showImageEffects":true,"showParticleSystems":true,"showVisualEffectGraphs":true,"m_FxEnabled":true},"in2DMode":false,"pivot":{"x":1460.02001953125,"y":146.80552673339845,"z":-625.6874389648438},"rotation":{"x":-0.008999424986541272,"y":-0.009906182065606118,"z":0.00009274795593228191,"w":-0.9999188780784607},"size":257.96197509765627,"orthographic":false}